flow_key,packet_count,duration,total_bytes,avg_packet_size,std_packet_size,min_packet_size,max_packet_size,pps,bps,avg_inter_arrival,std_inter_arrival,src_ip,dst_ip,src_port,dst_port,protocol,is_anomaly
192.168.1.30:64629-10.0.0.101:143-TCP,1,0.0,197,197.0,0,197,197,1000.0,197000.0,0,0,192.168.1.30,10.0.0.101,64629,143,TCP,False
192.168.1.20:1342-10.0.0.128:143-UDP,1,0.0,1467,1467.0,0,1467,1467,1000.0,1467000.0,0,0,192.168.1.20,10.0.0.128,1342,143,UDP,False
192.168.1.43:25663-10.0.0.131:143-TCP,1,0.0,249,249.0,0,249,249,1000.0,249000.0,0,0,192.168.1.43,10.0.0.131,25663,143,TCP,False
192.168.1.21:56498-10.0.0.121:443-TCP,1,0.0,1097,1097.0,0,1097,1097,1000.0,1097000.0,0,0,192.168.1.21,10.0.0.121,56498,443,TCP,False
192.168.1.12:14448-10.0.0.102:80-TCP,1,0.0,405,405.0,0,405,405,1000.0,405000.0,0,0,192.168.1.12,10.0.0.102,14448,80,TCP,False
192.168.1.29:43258-10.0.0.109:80-TCP,1,0.0,1320,1320.0,0,1320,1320,1000.0,1320000.0,0,0,192.168.1.29,10.0.0.109,43258,80,TCP,False
192.168.1.19:50331-10.0.0.111:443-TCP,1,0.0,595,595.0,0,595,595,1000.0,595000.0,0,0,192.168.1.19,10.0.0.111,50331,443,TCP,False
192.168.1.24:64675-10.0.0.109:443-TCP,1,0.0,994,994.0,0,994,994,1000.0,994000.0,0,0,192.168.1.24,10.0.0.109,64675,443,TCP,False
192.168.1.14:48302-10.0.0.147:110-UDP,1,0.0,1062,1062.0,0,1062,1062,1000.0,1062000.0,0,0,192.168.1.14,10.0.0.147,48302,110,UDP,False
192.168.1.18:38346-10.0.0.116:993-UDP,1,0.0,609,609.0,0,609,609,1000.0,609000.0,0,0,192.168.1.18,10.0.0.116,38346,993,UDP,False
192.168.1.37:10501-10.0.0.109:25-TCP,1,0.0,1036,1036.0,0,1036,1036,1000.0,1036000.0,0,0,192.168.1.37,10.0.0.109,10501,25,TCP,False
192.168.1.49:48689-10.0.0.112:110-UDP,1,0.0,126,126.0,0,126,126,1000.0,126000.0,0,0,192.168.1.49,10.0.0.112,48689,110,UDP,False
192.168.1.35:54495-10.0.0.132:143-UDP,1,0.0,932,932.0,0,932,932,1000.0,932000.0,0,0,192.168.1.35,10.0.0.132,54495,143,UDP,False
192.168.1.43:26619-10.0.0.134:53-TCP,1,0.0,1199,1199.0,0,1199,1199,1000.0,1199000.0,0,0,192.168.1.43,10.0.0.134,26619,53,TCP,False
192.168.1.23:34059-10.0.0.149:143-TCP,1,0.0,719,719.0,0,719,719,1000.0,719000.0,0,0,192.168.1.23,10.0.0.149,34059,143,TCP,False
192.168.1.19:60304-10.0.0.107:25-TCP,1,0.0,1028,1028.0,0,1028,1028,1000.0,1028000.0,0,0,192.168.1.19,10.0.0.107,60304,25,TCP,False
192.168.1.48:33849-10.0.0.102:80-TCP,1,0.0,660,660.0,0,660,660,1000.0,660000.0,0,0,192.168.1.48,10.0.0.102,33849,80,TCP,False
192.168.1.25:21199-10.0.0.140:53-TCP,1,0.0,902,902.0,0,902,902,1000.0,902000.0,0,0,192.168.1.25,10.0.0.140,21199,53,TCP,False
192.168.1.38:16527-10.0.0.116:110-UDP,1,0.0,957,957.0,0,957,957,1000.0,957000.0,0,0,192.168.1.38,10.0.0.116,16527,110,UDP,False
192.168.1.11:16129-10.0.0.106:443-TCP,1,0.0,662,662.0,0,662,662,1000.0,662000.0,0,0,192.168.1.11,10.0.0.106,16129,443,TCP,False
192.168.1.29:50215-10.0.0.134:993-UDP,1,0.0,329,329.0,0,329,329,1000.0,329000.0,0,0,192.168.1.29,10.0.0.134,50215,993,UDP,False
192.168.1.27:30115-10.0.0.100:80-TCP,1,0.0,554,554.0,0,554,554,1000.0,554000.0,0,0,192.168.1.27,10.0.0.100,30115,80,TCP,False
192.168.1.43:15583-10.0.0.108:25-UDP,1,0.0,1483,1483.0,0,1483,1483,1000.0,1483000.0,0,0,192.168.1.43,10.0.0.108,15583,25,UDP,False
192.168.1.32:53362-10.0.0.107:80-TCP,1,0.0,730,730.0,0,730,730,1000.0,730000.0,0,0,192.168.1.32,10.0.0.107,53362,80,TCP,False
192.168.1.46:62334-10.0.0.146:80-TCP,1,0.0,1053,1053.0,0,1053,1053,1000.0,1053000.0,0,0,192.168.1.46,10.0.0.146,62334,80,TCP,False
192.168.1.22:19810-10.0.0.147:80-TCP,1,0.0,547,547.0,0,547,547,1000.0,547000.0,0,0,192.168.1.22,10.0.0.147,19810,80,TCP,False
192.168.1.33:53829-10.0.0.144:80-TCP,1,0.0,391,391.0,0,391,391,1000.0,391000.0,0,0,192.168.1.33,10.0.0.144,53829,80,TCP,False
192.168.1.35:40574-10.0.0.144:110-UDP,1,0.0,507,507.0,0,507,507,1000.0,507000.0,0,0,192.168.1.35,10.0.0.144,40574,110,UDP,False
192.168.1.32:20548-10.0.0.112:53-UDP,1,0.0,1291,1291.0,0,1291,1291,1000.0,1291000.0,0,0,192.168.1.32,10.0.0.112,20548,53,UDP,False
192.168.1.37:49373-10.0.0.119:995-TCP,1,0.0,885,885.0,0,885,885,1000.0,885000.0,0,0,192.168.1.37,10.0.0.119,49373,995,TCP,False
192.168.1.10:4937-10.0.0.145:22-UDP,1,0.0,1124,1124.0,0,1124,1124,1000.0,1124000.0,0,0,192.168.1.10,10.0.0.145,4937,22,UDP,False
192.168.1.31:11753-10.0.0.123:143-TCP,1,0.0,510,510.0,0,510,510,1000.0,510000.0,0,0,192.168.1.31,10.0.0.123,11753,143,TCP,False
192.168.1.41:8992-10.0.0.123:993-UDP,1,0.0,658,658.0,0,658,658,1000.0,658000.0,0,0,192.168.1.41,10.0.0.123,8992,993,UDP,False
192.168.1.34:32838-10.0.0.105:53-UDP,1,0.0,1056,1056.0,0,1056,1056,1000.0,1056000.0,0,0,192.168.1.34,10.0.0.105,32838,53,UDP,False
192.168.1.37:44298-10.0.0.121:143-UDP,1,0.0,829,829.0,0,829,829,1000.0,829000.0,0,0,192.168.1.37,10.0.0.121,44298,143,UDP,False
192.168.1.39:15258-10.0.0.138:995-TCP,1,0.0,1111,1111.0,0,1111,1111,1000.0,1111000.0,0,0,192.168.1.39,10.0.0.138,15258,995,TCP,False
192.168.1.21:1830-10.0.0.129:22-UDP,1,0.0,189,189.0,0,189,189,1000.0,189000.0,0,0,192.168.1.21,10.0.0.129,1830,22,UDP,False
192.168.1.13:51793-10.0.0.125:25-TCP,1,0.0,737,737.0,0,737,737,1000.0,737000.0,0,0,192.168.1.13,10.0.0.125,51793,25,TCP,False
192.168.1.40:49977-10.0.0.141:443-UDP,1,0.0,523,523.0,0,523,523,1000.0,523000.0,0,0,192.168.1.40,10.0.0.141,49977,443,UDP,False
192.168.1.39:44147-10.0.0.110:80-TCP,1,0.0,1192,1192.0,0,1192,1192,1000.0,1192000.0,0,0,192.168.1.39,10.0.0.110,44147,80,TCP,False
192.168.1.41:39768-10.0.0.103:995-TCP,1,0.0,595,595.0,0,595,595,1000.0,595000.0,0,0,192.168.1.41,10.0.0.103,39768,995,TCP,False
192.168.1.44:18873-10.0.0.143:443-TCP,1,0.0,893,893.0,0,893,893,1000.0,893000.0,0,0,192.168.1.44,10.0.0.143,18873,443,TCP,False
192.168.1.23:24000-10.0.0.116:143-UDP,1,0.0,186,186.0,0,186,186,1000.0,186000.0,0,0,192.168.1.23,10.0.0.116,24000,143,UDP,False
192.168.1.47:17807-10.0.0.120:110-UDP,1,0.0,1219,1219.0,0,1219,1219,1000.0,1219000.0,0,0,192.168.1.47,10.0.0.120,17807,110,UDP,False
192.168.1.34:50017-10.0.0.113:22-UDP,1,0.0,1019,1019.0,0,1019,1019,1000.0,1019000.0,0,0,192.168.1.34,10.0.0.113,50017,22,UDP,False
192.168.1.20:61402-10.0.0.115:995-TCP,1,0.0,1423,1423.0,0,1423,1423,1000.0,1423000.0,0,0,192.168.1.20,10.0.0.115,61402,995,TCP,False
192.168.1.37:50291-10.0.0.114:22-TCP,1,0.0,985,985.0,0,985,985,1000.0,985000.0,0,0,192.168.1.37,10.0.0.114,50291,22,TCP,False
192.168.1.46:35135-10.0.0.149:53-TCP,1,0.0,702,702.0,0,702,702,1000.0,702000.0,0,0,192.168.1.46,10.0.0.149,35135,53,TCP,False
192.168.1.18:10072-10.0.0.124:110-TCP,1,0.0,769,769.0,0,769,769,1000.0,769000.0,0,0,192.168.1.18,10.0.0.124,10072,110,TCP,False
192.168.1.39:41997-10.0.0.103:110-TCP,1,0.0,471,471.0,0,471,471,1000.0,471000.0,0,0,192.168.1.39,10.0.0.103,41997,110,TCP,False
192.168.1.23:48201-10.0.0.118:80-UDP,1,0.0,1083,1083.0,0,1083,1083,1000.0,1083000.0,0,0,192.168.1.23,10.0.0.118,48201,80,UDP,False
192.168.1.38:62166-10.0.0.136:80-TCP,1,0.0,892,892.0,0,892,892,1000.0,892000.0,0,0,192.168.1.38,10.0.0.136,62166,80,TCP,False
192.168.1.14:50240-10.0.0.120:143-UDP,1,0.0,362,362.0,0,362,362,1000.0,362000.0,0,0,192.168.1.14,10.0.0.120,50240,143,UDP,False
192.168.1.25:44673-10.0.0.101:80-UDP,1,0.0,1116,1116.0,0,1116,1116,1000.0,1116000.0,0,0,192.168.1.25,10.0.0.101,44673,80,UDP,False
192.168.1.27:8112-10.0.0.128:143-UDP,1,0.0,1343,1343.0,0,1343,1343,1000.0,1343000.0,0,0,192.168.1.27,10.0.0.128,8112,143,UDP,False
192.168.1.16:3514-10.0.0.112:80-UDP,1,0.0,1391,1391.0,0,1391,1391,1000.0,1391000.0,0,0,192.168.1.16,10.0.0.112,3514,80,UDP,False
192.168.1.21:38751-10.0.0.134:443-UDP,1,0.0,799,799.0,0,799,799,1000.0,799000.0,0,0,192.168.1.21,10.0.0.134,38751,443,UDP,False
192.168.1.20:21718-10.0.0.140:25-UDP,1,0.0,1486,1486.0,0,1486,1486,1000.0,1486000.0,0,0,192.168.1.20,10.0.0.140,21718,25,UDP,False
192.168.1.41:24439-10.0.0.112:53-TCP,1,0.0,549,549.0,0,549,549,1000.0,549000.0,0,0,192.168.1.41,10.0.0.112,24439,53,TCP,False
192.168.1.15:16764-10.0.0.118:110-UDP,1,0.0,1460,1460.0,0,1460,1460,1000.0,1460000.0,0,0,192.168.1.15,10.0.0.118,16764,110,UDP,False
192.168.1.29:8466-10.0.0.123:80-TCP,1,0.0,218,218.0,0,218,218,1000.0,218000.0,0,0,192.168.1.29,10.0.0.123,8466,80,TCP,False
192.168.1.47:41202-10.0.0.123:110-TCP,1,0.0,1209,1209.0,0,1209,1209,1000.0,1209000.0,0,0,192.168.1.47,10.0.0.123,41202,110,TCP,False
192.168.1.23:31761-10.0.0.126:22-UDP,1,0.0,1007,1007.0,0,1007,1007,1000.0,1007000.0,0,0,192.168.1.23,10.0.0.126,31761,22,UDP,False
192.168.1.28:36433-10.0.0.125:53-TCP,1,0.0,1406,1406.0,0,1406,1406,1000.0,1406000.0,0,0,192.168.1.28,10.0.0.125,36433,53,TCP,False
192.168.1.44:43402-10.0.0.101:443-UDP,1,0.0,436,436.0,0,436,436,1000.0,436000.0,0,0,192.168.1.44,10.0.0.101,43402,443,UDP,False
192.168.1.30:30539-10.0.0.131:53-TCP,1,0.0,894,894.0,0,894,894,1000.0,894000.0,0,0,192.168.1.30,10.0.0.131,30539,53,TCP,False
192.168.1.12:3366-10.0.0.112:22-TCP,1,0.0,1490,1490.0,0,1490,1490,1000.0,1490000.0,0,0,192.168.1.12,10.0.0.112,3366,22,TCP,False
192.168.1.28:18984-10.0.0.117:993-TCP,1,0.0,1223,1223.0,0,1223,1223,1000.0,1223000.0,0,0,192.168.1.28,10.0.0.117,18984,993,TCP,False
192.168.1.37:57908-10.0.0.121:995-TCP,1,0.0,354,354.0,0,354,354,1000.0,354000.0,0,0,192.168.1.37,10.0.0.121,57908,995,TCP,False
192.168.1.13:27200-10.0.0.104:993-TCP,1,0.0,827,827.0,0,827,827,1000.0,827000.0,0,0,192.168.1.13,10.0.0.104,27200,993,TCP,False
192.168.1.11:47194-10.0.0.129:80-UDP,1,0.0,1151,1151.0,0,1151,1151,1000.0,1151000.0,0,0,192.168.1.11,10.0.0.129,47194,80,UDP,False
192.168.1.34:19761-10.0.0.121:25-UDP,1,0.0,1418,1418.0,0,1418,1418,1000.0,1418000.0,0,0,192.168.1.34,10.0.0.121,19761,25,UDP,False
192.168.1.43:17555-10.0.0.136:443-TCP,1,0.0,535,535.0,0,535,535,1000.0,535000.0,0,0,192.168.1.43,10.0.0.136,17555,443,TCP,False
192.168.1.31:62633-10.0.0.131:995-UDP,1,0.0,92,92.0,0,92,92,1000.0,92000.0,0,0,192.168.1.31,10.0.0.131,62633,995,UDP,False
192.168.1.42:5726-10.0.0.102:993-UDP,1,0.0,129,129.0,0,129,129,1000.0,129000.0,0,0,192.168.1.42,10.0.0.102,5726,993,UDP,False
192.168.1.21:21040-10.0.0.143:53-TCP,1,0.0,1470,1470.0,0,1470,1470,1000.0,1470000.0,0,0,192.168.1.21,10.0.0.143,21040,53,TCP,False
192.168.1.29:32394-10.0.0.112:993-UDP,1,0.0,847,847.0,0,847,847,1000.0,847000.0,0,0,192.168.1.29,10.0.0.112,32394,993,UDP,False
192.168.1.17:15549-10.0.0.114:443-UDP,1,0.0,911,911.0,0,911,911,1000.0,911000.0,0,0,192.168.1.17,10.0.0.114,15549,443,UDP,False
192.168.1.45:46401-10.0.0.116:25-UDP,1,0.0,1215,1215.0,0,1215,1215,1000.0,1215000.0,0,0,192.168.1.45,10.0.0.116,46401,25,UDP,False
192.168.1.40:21237-10.0.0.143:110-UDP,1,0.0,538,538.0,0,538,538,1000.0,538000.0,0,0,192.168.1.40,10.0.0.143,21237,110,UDP,False
192.168.1.37:62737-10.0.0.133:53-UDP,1,0.0,1191,1191.0,0,1191,1191,1000.0,1191000.0,0,0,192.168.1.37,10.0.0.133,62737,53,UDP,False
192.168.1.37:18685-10.0.0.102:443-UDP,1,0.0,825,825.0,0,825,825,1000.0,825000.0,0,0,192.168.1.37,10.0.0.102,18685,443,UDP,False
192.168.1.29:19278-10.0.0.143:995-UDP,1,0.0,487,487.0,0,487,487,1000.0,487000.0,0,0,192.168.1.29,10.0.0.143,19278,995,UDP,False
192.168.1.45:41809-10.0.0.108:995-TCP,1,0.0,1299,1299.0,0,1299,1299,1000.0,1299000.0,0,0,192.168.1.45,10.0.0.108,41809,995,TCP,False
192.168.1.23:44405-10.0.0.134:25-TCP,1,0.0,424,424.0,0,424,424,1000.0,424000.0,0,0,192.168.1.23,10.0.0.134,44405,25,TCP,False
192.168.1.36:30576-10.0.0.138:110-TCP,1,0.0,699,699.0,0,699,699,1000.0,699000.0,0,0,192.168.1.36,10.0.0.138,30576,110,TCP,False
192.168.1.40:57959-10.0.0.143:110-UDP,1,0.0,375,375.0,0,375,375,1000.0,375000.0,0,0,192.168.1.40,10.0.0.143,57959,110,UDP,False
192.168.1.22:15514-10.0.0.107:110-TCP,1,0.0,501,501.0,0,501,501,1000.0,501000.0,0,0,192.168.1.22,10.0.0.107,15514,110,TCP,False
192.168.1.28:52244-10.0.0.114:53-TCP,1,0.0,898,898.0,0,898,898,1000.0,898000.0,0,0,192.168.1.28,10.0.0.114,52244,53,TCP,False
192.168.1.47:37544-10.0.0.128:143-TCP,1,0.0,588,588.0,0,588,588,1000.0,588000.0,0,0,192.168.1.47,10.0.0.128,37544,143,TCP,False
192.168.1.46:8411-10.0.0.142:443-TCP,1,0.0,938,938.0,0,938,938,1000.0,938000.0,0,0,192.168.1.46,10.0.0.142,8411,443,TCP,False
192.168.1.37:50224-10.0.0.100:995-UDP,1,0.0,107,107.0,0,107,107,1000.0,107000.0,0,0,192.168.1.37,10.0.0.100,50224,995,UDP,False
192.168.1.11:23395-10.0.0.115:995-UDP,1,0.0,863,863.0,0,863,863,1000.0,863000.0,0,0,192.168.1.11,10.0.0.115,23395,995,UDP,False
192.168.1.30:33978-10.0.0.135:995-UDP,1,0.0,785,785.0,0,785,785,1000.0,785000.0,0,0,192.168.1.30,10.0.0.135,33978,995,UDP,False
192.168.1.29:10204-10.0.0.133:25-TCP,1,0.0,1171,1171.0,0,1171,1171,1000.0,1171000.0,0,0,192.168.1.29,10.0.0.133,10204,25,TCP,False
192.168.1.30:59408-10.0.0.120:80-TCP,1,0.0,132,132.0,0,132,132,1000.0,132000.0,0,0,192.168.1.30,10.0.0.120,59408,80,TCP,False
192.168.1.33:33657-10.0.0.129:80-TCP,1,0.0,657,657.0,0,657,657,1000.0,657000.0,0,0,192.168.1.33,10.0.0.129,33657,80,TCP,False
192.168.1.31:17734-10.0.0.111:993-UDP,1,0.0,894,894.0,0,894,894,1000.0,894000.0,0,0,192.168.1.31,10.0.0.111,17734,993,UDP,False
192.168.1.18:27232-10.0.0.140:993-UDP,1,0.0,157,157.0,0,157,157,1000.0,157000.0,0,0,192.168.1.18,10.0.0.140,27232,993,UDP,False
192.168.1.12:10024-10.0.0.114:143-UDP,1,0.0,372,372.0,0,372,372,1000.0,372000.0,0,0,192.168.1.12,10.0.0.114,10024,143,UDP,False
192.168.1.19:47332-10.0.0.116:995-UDP,1,0.0,740,740.0,0,740,740,1000.0,740000.0,0,0,192.168.1.19,10.0.0.116,47332,995,UDP,False
192.168.1.17:59261-10.0.0.139:995-UDP,1,0.0,1404,1404.0,0,1404,1404,1000.0,1404000.0,0,0,192.168.1.17,10.0.0.139,59261,995,UDP,False
192.168.1.42:12500-10.0.0.108:993-TCP,1,0.0,787,787.0,0,787,787,1000.0,787000.0,0,0,192.168.1.42,10.0.0.108,12500,993,TCP,False
192.168.1.23:50154-10.0.0.129:143-UDP,1,0.0,301,301.0,0,301,301,1000.0,301000.0,0,0,192.168.1.23,10.0.0.129,50154,143,UDP,False
192.168.1.47:49332-10.0.0.138:143-TCP,1,0.0,844,844.0,0,844,844,1000.0,844000.0,0,0,192.168.1.47,10.0.0.138,49332,143,TCP,False
192.168.1.40:55796-10.0.0.105:110-TCP,1,0.0,569,569.0,0,569,569,1000.0,569000.0,0,0,192.168.1.40,10.0.0.105,55796,110,TCP,False
192.168.1.22:10416-10.0.0.138:443-UDP,1,0.0,950,950.0,0,950,950,1000.0,950000.0,0,0,192.168.1.22,10.0.0.138,10416,443,UDP,False
192.168.1.21:53648-10.0.0.131:443-TCP,1,0.0,543,543.0,0,543,543,1000.0,543000.0,0,0,192.168.1.21,10.0.0.131,53648,443,TCP,False
192.168.1.29:47016-10.0.0.115:443-TCP,1,0.0,1119,1119.0,0,1119,1119,1000.0,1119000.0,0,0,192.168.1.29,10.0.0.115,47016,443,TCP,False
192.168.1.13:13575-10.0.0.107:80-TCP,1,0.0,691,691.0,0,691,691,1000.0,691000.0,0,0,192.168.1.13,10.0.0.107,13575,80,TCP,False
192.168.1.43:26278-10.0.0.130:25-TCP,1,0.0,1223,1223.0,0,1223,1223,1000.0,1223000.0,0,0,192.168.1.43,10.0.0.130,26278,25,TCP,False
192.168.1.24:63409-10.0.0.145:995-TCP,1,0.0,622,622.0,0,622,622,1000.0,622000.0,0,0,192.168.1.24,10.0.0.145,63409,995,TCP,False
192.168.1.28:27626-10.0.0.118:25-UDP,1,0.0,1399,1399.0,0,1399,1399,1000.0,1399000.0,0,0,192.168.1.28,10.0.0.118,27626,25,UDP,False
192.168.1.24:12689-10.0.0.142:110-UDP,1,0.0,1181,1181.0,0,1181,1181,1000.0,1181000.0,0,0,192.168.1.24,10.0.0.142,12689,110,UDP,False
192.168.1.46:48018-10.0.0.122:143-UDP,1,0.0,1256,1256.0,0,1256,1256,1000.0,1256000.0,0,0,192.168.1.46,10.0.0.122,48018,143,UDP,False
192.168.1.18:56550-10.0.0.106:995-UDP,1,0.0,1430,1430.0,0,1430,1430,1000.0,1430000.0,0,0,192.168.1.18,10.0.0.106,56550,995,UDP,False
192.168.1.24:19889-10.0.0.116:22-UDP,1,0.0,1307,1307.0,0,1307,1307,1000.0,1307000.0,0,0,192.168.1.24,10.0.0.116,19889,22,UDP,False
192.168.1.22:61257-10.0.0.148:53-UDP,1,0.0,253,253.0,0,253,253,1000.0,253000.0,0,0,192.168.1.22,10.0.0.148,61257,53,UDP,False
192.168.1.45:51244-10.0.0.118:993-TCP,1,0.0,1140,1140.0,0,1140,1140,1000.0,1140000.0,0,0,192.168.1.45,10.0.0.118,51244,993,TCP,False
192.168.1.13:30682-10.0.0.145:443-UDP,1,0.0,1172,1172.0,0,1172,1172,1000.0,1172000.0,0,0,192.168.1.13,10.0.0.145,30682,443,UDP,False
192.168.1.17:41776-10.0.0.126:995-TCP,1,0.0,815,815.0,0,815,815,1000.0,815000.0,0,0,192.168.1.17,10.0.0.126,41776,995,TCP,False
192.168.1.23:49548-10.0.0.112:143-TCP,1,0.0,625,625.0,0,625,625,1000.0,625000.0,0,0,192.168.1.23,10.0.0.112,49548,143,TCP,False
192.168.1.38:57022-10.0.0.113:143-TCP,1,0.0,291,291.0,0,291,291,1000.0,291000.0,0,0,192.168.1.38,10.0.0.113,57022,143,TCP,False
192.168.1.26:59857-10.0.0.142:53-TCP,1,0.0,1183,1183.0,0,1183,1183,1000.0,1183000.0,0,0,192.168.1.26,10.0.0.142,59857,53,TCP,False
192.168.1.48:13975-10.0.0.145:80-UDP,1,0.0,1056,1056.0,0,1056,1056,1000.0,1056000.0,0,0,192.168.1.48,10.0.0.145,13975,80,UDP,False
192.168.1.18:15475-10.0.0.128:995-TCP,1,0.0,1418,1418.0,0,1418,1418,1000.0,1418000.0,0,0,192.168.1.18,10.0.0.128,15475,995,TCP,False
192.168.1.40:17012-10.0.0.126:22-UDP,1,0.0,1287,1287.0,0,1287,1287,1000.0,1287000.0,0,0,192.168.1.40,10.0.0.126,17012,22,UDP,False
192.168.1.46:10676-10.0.0.129:995-TCP,1,0.0,469,469.0,0,469,469,1000.0,469000.0,0,0,192.168.1.46,10.0.0.129,10676,995,TCP,False
192.168.1.49:32949-10.0.0.142:993-TCP,1,0.0,1274,1274.0,0,1274,1274,1000.0,1274000.0,0,0,192.168.1.49,10.0.0.142,32949,993,TCP,False
192.168.1.31:35589-10.0.0.142:995-TCP,1,0.0,1376,1376.0,0,1376,1376,1000.0,1376000.0,0,0,192.168.1.31,10.0.0.142,35589,995,TCP,False
192.168.1.10:48684-10.0.0.116:22-TCP,1,0.0,581,581.0,0,581,581,1000.0,581000.0,0,0,192.168.1.10,10.0.0.116,48684,22,TCP,False
192.168.1.44:7875-10.0.0.138:995-TCP,1,0.0,1113,1113.0,0,1113,1113,1000.0,1113000.0,0,0,192.168.1.44,10.0.0.138,7875,995,TCP,False
192.168.1.47:47958-10.0.0.135:53-UDP,1,0.0,778,778.0,0,778,778,1000.0,778000.0,0,0,192.168.1.47,10.0.0.135,47958,53,UDP,False
192.168.1.27:38004-10.0.0.128:443-TCP,1,0.0,597,597.0,0,597,597,1000.0,597000.0,0,0,192.168.1.27,10.0.0.128,38004,443,TCP,False
192.168.1.24:8797-10.0.0.102:143-TCP,1,0.0,326,326.0,0,326,326,1000.0,326000.0,0,0,192.168.1.24,10.0.0.102,8797,143,TCP,False
192.168.1.10:61608-10.0.0.120:143-UDP,1,0.0,308,308.0,0,308,308,1000.0,308000.0,0,0,192.168.1.10,10.0.0.120,61608,143,UDP,False
192.168.1.47:6326-10.0.0.119:143-TCP,1,0.0,740,740.0,0,740,740,1000.0,740000.0,0,0,192.168.1.47,10.0.0.119,6326,143,TCP,False
192.168.1.29:18890-10.0.0.112:110-UDP,1,0.0,336,336.0,0,336,336,1000.0,336000.0,0,0,192.168.1.29,10.0.0.112,18890,110,UDP,False
192.168.1.22:43878-10.0.0.135:993-UDP,1,0.0,578,578.0,0,578,578,1000.0,578000.0,0,0,192.168.1.22,10.0.0.135,43878,993,UDP,False
192.168.1.38:22482-10.0.0.103:443-TCP,1,0.0,436,436.0,0,436,436,1000.0,436000.0,0,0,192.168.1.38,10.0.0.103,22482,443,TCP,False
192.168.1.14:36711-10.0.0.116:993-TCP,1,0.0,530,530.0,0,530,530,1000.0,530000.0,0,0,192.168.1.14,10.0.0.116,36711,993,TCP,False
192.168.1.31:27158-10.0.0.134:443-TCP,1,0.0,76,76.0,0,76,76,1000.0,76000.0,0,0,192.168.1.31,10.0.0.134,27158,443,TCP,False
192.168.1.24:13059-10.0.0.106:110-UDP,1,0.0,1282,1282.0,0,1282,1282,1000.0,1282000.0,0,0,192.168.1.24,10.0.0.106,13059,110,UDP,False
192.168.1.45:30136-10.0.0.126:80-TCP,1,0.0,990,990.0,0,990,990,1000.0,990000.0,0,0,192.168.1.45,10.0.0.126,30136,80,TCP,False
192.168.1.14:51745-10.0.0.125:25-UDP,1,0.0,166,166.0,0,166,166,1000.0,166000.0,0,0,192.168.1.14,10.0.0.125,51745,25,UDP,False
192.168.1.10:11129-10.0.0.135:993-UDP,1,0.0,455,455.0,0,455,455,1000.0,455000.0,0,0,192.168.1.10,10.0.0.135,11129,993,UDP,False
192.168.1.14:3865-10.0.0.145:22-UDP,1,0.0,529,529.0,0,529,529,1000.0,529000.0,0,0,192.168.1.14,10.0.0.145,3865,22,UDP,False
192.168.1.49:24285-10.0.0.102:22-UDP,1,0.0,599,599.0,0,599,599,1000.0,599000.0,0,0,192.168.1.49,10.0.0.102,24285,22,UDP,False
192.168.1.13:54469-10.0.0.123:995-UDP,1,0.0,758,758.0,0,758,758,1000.0,758000.0,0,0,192.168.1.13,10.0.0.123,54469,995,UDP,False
192.168.1.35:13324-10.0.0.113:25-TCP,1,0.0,259,259.0,0,259,259,1000.0,259000.0,0,0,192.168.1.35,10.0.0.113,13324,25,TCP,False
192.168.1.40:14690-10.0.0.117:22-UDP,1,0.0,378,378.0,0,378,378,1000.0,378000.0,0,0,192.168.1.40,10.0.0.117,14690,22,UDP,False
192.168.1.14:41707-10.0.0.110:80-UDP,1,0.0,816,816.0,0,816,816,1000.0,816000.0,0,0,192.168.1.14,10.0.0.110,41707,80,UDP,False
192.168.1.12:56428-10.0.0.128:53-UDP,1,0.0,1333,1333.0,0,1333,1333,1000.0,1333000.0,0,0,192.168.1.12,10.0.0.128,56428,53,UDP,False
192.168.1.49:4361-10.0.0.117:22-TCP,1,0.0,1452,1452.0,0,1452,1452,1000.0,1452000.0,0,0,192.168.1.49,10.0.0.117,4361,22,TCP,False
192.168.1.33:50730-10.0.0.101:443-UDP,1,0.0,1283,1283.0,0,1283,1283,1000.0,1283000.0,0,0,192.168.1.33,10.0.0.101,50730,443,UDP,False
192.168.1.19:51860-10.0.0.102:110-TCP,1,0.0,790,790.0,0,790,790,1000.0,790000.0,0,0,192.168.1.19,10.0.0.102,51860,110,TCP,False
192.168.1.34:54718-10.0.0.115:22-TCP,1,0.0,718,718.0,0,718,718,1000.0,718000.0,0,0,192.168.1.34,10.0.0.115,54718,22,TCP,False
192.168.1.11:37483-10.0.0.138:143-UDP,1,0.0,1357,1357.0,0,1357,1357,1000.0,1357000.0,0,0,192.168.1.11,10.0.0.138,37483,143,UDP,False
192.168.1.23:5169-10.0.0.115:443-UDP,1,0.0,1073,1073.0,0,1073,1073,1000.0,1073000.0,0,0,192.168.1.23,10.0.0.115,5169,443,UDP,False
192.168.1.31:12054-10.0.0.140:80-TCP,1,0.0,357,357.0,0,357,357,1000.0,357000.0,0,0,192.168.1.31,10.0.0.140,12054,80,TCP,False
192.168.1.48:6347-10.0.0.108:25-TCP,1,0.0,1251,1251.0,0,1251,1251,1000.0,1251000.0,0,0,192.168.1.48,10.0.0.108,6347,25,TCP,False
192.168.1.34:35288-10.0.0.145:22-UDP,1,0.0,1350,1350.0,0,1350,1350,1000.0,1350000.0,0,0,192.168.1.34,10.0.0.145,35288,22,UDP,False
192.168.1.19:27968-10.0.0.128:80-TCP,1,0.0,811,811.0,0,811,811,1000.0,811000.0,0,0,192.168.1.19,10.0.0.128,27968,80,TCP,False
192.168.1.18:36781-10.0.0.124:443-TCP,1,0.0,786,786.0,0,786,786,1000.0,786000.0,0,0,192.168.1.18,10.0.0.124,36781,443,TCP,False
192.168.1.33:58555-10.0.0.147:443-TCP,1,0.0,1358,1358.0,0,1358,1358,1000.0,1358000.0,0,0,192.168.1.33,10.0.0.147,58555,443,TCP,False
192.168.1.44:30681-10.0.0.101:993-UDP,1,0.0,764,764.0,0,764,764,1000.0,764000.0,0,0,192.168.1.44,10.0.0.101,30681,993,UDP,False
192.168.1.17:40092-10.0.0.127:110-UDP,1,0.0,1276,1276.0,0,1276,1276,1000.0,1276000.0,0,0,192.168.1.17,10.0.0.127,40092,110,UDP,False
192.168.1.21:45795-10.0.0.137:22-TCP,1,0.0,964,964.0,0,964,964,1000.0,964000.0,0,0,192.168.1.21,10.0.0.137,45795,22,TCP,False
192.168.1.30:50022-10.0.0.120:443-TCP,1,0.0,1019,1019.0,0,1019,1019,1000.0,1019000.0,0,0,192.168.1.30,10.0.0.120,50022,443,TCP,False
192.168.1.16:59986-10.0.0.108:53-TCP,1,0.0,950,950.0,0,950,950,1000.0,950000.0,0,0,192.168.1.16,10.0.0.108,59986,53,TCP,False
192.168.1.37:9124-10.0.0.115:80-UDP,1,0.0,1334,1334.0,0,1334,1334,1000.0,1334000.0,0,0,192.168.1.37,10.0.0.115,9124,80,UDP,False
192.168.1.19:60709-10.0.0.136:443-UDP,1,0.0,1439,1439.0,0,1439,1439,1000.0,1439000.0,0,0,192.168.1.19,10.0.0.136,60709,443,UDP,False
192.168.1.39:32736-10.0.0.102:995-UDP,1,0.0,1238,1238.0,0,1238,1238,1000.0,1238000.0,0,0,192.168.1.39,10.0.0.102,32736,995,UDP,False
192.168.1.42:41503-10.0.0.106:53-UDP,1,0.0,376,376.0,0,376,376,1000.0,376000.0,0,0,192.168.1.42,10.0.0.106,41503,53,UDP,False
192.168.1.39:13862-10.0.0.104:443-TCP,1,0.0,211,211.0,0,211,211,1000.0,211000.0,0,0,192.168.1.39,10.0.0.104,13862,443,TCP,False
192.168.1.43:12243-10.0.0.144:80-TCP,1,0.0,950,950.0,0,950,950,1000.0,950000.0,0,0,192.168.1.43,10.0.0.144,12243,80,TCP,False
192.168.1.40:22370-10.0.0.116:443-UDP,1,0.0,81,81.0,0,81,81,1000.0,81000.0,0,0,192.168.1.40,10.0.0.116,22370,443,UDP,False
192.168.1.24:9633-10.0.0.147:110-UDP,1,0.0,590,590.0,0,590,590,1000.0,590000.0,0,0,192.168.1.24,10.0.0.147,9633,110,UDP,False
192.168.1.49:57839-10.0.0.138:143-TCP,1,0.0,416,416.0,0,416,416,1000.0,416000.0,0,0,192.168.1.49,10.0.0.138,57839,143,TCP,False
192.168.1.42:1912-10.0.0.101:110-UDP,1,0.0,1448,1448.0,0,1448,1448,1000.0,1448000.0,0,0,192.168.1.42,10.0.0.101,1912,110,UDP,False
192.168.1.39:49083-10.0.0.105:110-UDP,1,0.0,557,557.0,0,557,557,1000.0,557000.0,0,0,192.168.1.39,10.0.0.105,49083,110,UDP,False
192.168.1.44:9995-10.0.0.127:995-UDP,1,0.0,717,717.0,0,717,717,1000.0,717000.0,0,0,192.168.1.44,10.0.0.127,9995,995,UDP,False
192.168.1.19:6120-10.0.0.102:22-UDP,1,0.0,588,588.0,0,588,588,1000.0,588000.0,0,0,192.168.1.19,10.0.0.102,6120,22,UDP,False
192.168.1.21:54791-10.0.0.119:80-TCP,1,0.0,1183,1183.0,0,1183,1183,1000.0,1183000.0,0,0,192.168.1.21,10.0.0.119,54791,80,TCP,False
192.168.1.31:50447-10.0.0.106:110-TCP,1,0.0,573,573.0,0,573,573,1000.0,573000.0,0,0,192.168.1.31,10.0.0.106,50447,110,TCP,False
192.168.1.14:14948-10.0.0.106:80-UDP,1,0.0,354,354.0,0,354,354,1000.0,354000.0,0,0,192.168.1.14,10.0.0.106,14948,80,UDP,False
192.168.1.40:4666-10.0.0.129:53-UDP,1,0.0,977,977.0,0,977,977,1000.0,977000.0,0,0,192.168.1.40,10.0.0.129,4666,53,UDP,False
192.168.1.19:24397-10.0.0.103:22-TCP,1,0.0,472,472.0,0,472,472,1000.0,472000.0,0,0,192.168.1.19,10.0.0.103,24397,22,TCP,False
192.168.1.47:50206-10.0.0.102:22-UDP,1,0.0,159,159.0,0,159,159,1000.0,159000.0,0,0,192.168.1.47,10.0.0.102,50206,22,UDP,False
192.168.1.36:12939-10.0.0.130:995-TCP,1,0.0,244,244.0,0,244,244,1000.0,244000.0,0,0,192.168.1.36,10.0.0.130,12939,995,TCP,False
192.168.1.48:60131-10.0.0.117:110-UDP,1,0.0,780,780.0,0,780,780,1000.0,780000.0,0,0,192.168.1.48,10.0.0.117,60131,110,UDP,False
192.168.1.35:43797-10.0.0.148:80-UDP,1,0.0,447,447.0,0,447,447,1000.0,447000.0,0,0,192.168.1.35,10.0.0.148,43797,80,UDP,False
192.168.1.19:59787-10.0.0.136:25-UDP,1,0.0,1216,1216.0,0,1216,1216,1000.0,1216000.0,0,0,192.168.1.19,10.0.0.136,59787,25,UDP,False
192.168.1.14:10643-10.0.0.119:80-TCP,1,0.0,1368,1368.0,0,1368,1368,1000.0,1368000.0,0,0,192.168.1.14,10.0.0.119,10643,80,TCP,False
192.168.1.32:29578-10.0.0.128:53-UDP,1,0.0,1193,1193.0,0,1193,1193,1000.0,1193000.0,0,0,192.168.1.32,10.0.0.128,29578,53,UDP,False
192.168.1.17:59901-10.0.0.123:80-UDP,1,0.0,727,727.0,0,727,727,1000.0,727000.0,0,0,192.168.1.17,10.0.0.123,59901,80,UDP,False
192.168.1.39:45244-10.0.0.127:443-UDP,1,0.0,1348,1348.0,0,1348,1348,1000.0,1348000.0,0,0,192.168.1.39,10.0.0.127,45244,443,UDP,False
192.168.1.31:31882-10.0.0.132:993-UDP,1,0.0,1045,1045.0,0,1045,1045,1000.0,1045000.0,0,0,192.168.1.31,10.0.0.132,31882,993,UDP,False
192.168.1.49:10944-10.0.0.130:110-TCP,1,0.0,1404,1404.0,0,1404,1404,1000.0,1404000.0,0,0,192.168.1.49,10.0.0.130,10944,110,TCP,False
192.168.1.45:17076-10.0.0.128:143-UDP,1,0.0,1469,1469.0,0,1469,1469,1000.0,1469000.0,0,0,192.168.1.45,10.0.0.128,17076,143,UDP,False
192.168.1.11:30060-10.0.0.142:993-UDP,1,0.0,457,457.0,0,457,457,1000.0,457000.0,0,0,192.168.1.11,10.0.0.142,30060,993,UDP,False
192.168.1.18:51733-10.0.0.103:110-TCP,1,0.0,161,161.0,0,161,161,1000.0,161000.0,0,0,192.168.1.18,10.0.0.103,51733,110,TCP,False
192.168.1.34:49234-10.0.0.144:993-UDP,1,0.0,1198,1198.0,0,1198,1198,1000.0,1198000.0,0,0,192.168.1.34,10.0.0.144,49234,993,UDP,False
192.168.1.19:63553-10.0.0.105:443-TCP,1,0.0,580,580.0,0,580,580,1000.0,580000.0,0,0,192.168.1.19,10.0.0.105,63553,443,TCP,False
192.168.1.29:17951-10.0.0.124:110-TCP,1,0.0,267,267.0,0,267,267,1000.0,267000.0,0,0,192.168.1.29,10.0.0.124,17951,110,TCP,False
192.168.1.18:38034-10.0.0.134:22-UDP,1,0.0,1145,1145.0,0,1145,1145,1000.0,1145000.0,0,0,192.168.1.18,10.0.0.134,38034,22,UDP,False
192.168.1.20:10090-10.0.0.111:993-UDP,1,0.0,249,249.0,0,249,249,1000.0,249000.0,0,0,192.168.1.20,10.0.0.111,10090,993,UDP,False
192.168.1.37:13913-10.0.0.111:25-UDP,1,0.0,113,113.0,0,113,113,1000.0,113000.0,0,0,192.168.1.37,10.0.0.111,13913,25,UDP,False
192.168.1.40:62577-10.0.0.112:110-TCP,1,0.0,327,327.0,0,327,327,1000.0,327000.0,0,0,192.168.1.40,10.0.0.112,62577,110,TCP,False
192.168.1.28:48143-10.0.0.142:143-UDP,1,0.0,573,573.0,0,573,573,1000.0,573000.0,0,0,192.168.1.28,10.0.0.142,48143,143,UDP,False
192.168.1.21:37786-10.0.0.121:22-TCP,1,0.0,1065,1065.0,0,1065,1065,1000.0,1065000.0,0,0,192.168.1.21,10.0.0.121,37786,22,TCP,False
192.168.1.32:42041-10.0.0.123:80-UDP,1,0.0,1228,1228.0,0,1228,1228,1000.0,1228000.0,0,0,192.168.1.32,10.0.0.123,42041,80,UDP,False
192.168.1.31:13839-10.0.0.106:443-TCP,1,0.0,1323,1323.0,0,1323,1323,1000.0,1323000.0,0,0,192.168.1.31,10.0.0.106,13839,443,TCP,False
192.168.1.14:63283-10.0.0.118:53-UDP,1,0.0,1372,1372.0,0,1372,1372,1000.0,1372000.0,0,0,192.168.1.14,10.0.0.118,63283,53,UDP,False
192.168.1.15:45251-10.0.0.100:995-UDP,1,0.0,1141,1141.0,0,1141,1141,1000.0,1141000.0,0,0,192.168.1.15,10.0.0.100,45251,995,UDP,False
192.168.1.12:22278-10.0.0.127:443-TCP,1,0.0,1253,1253.0,0,1253,1253,1000.0,1253000.0,0,0,192.168.1.12,10.0.0.127,22278,443,TCP,False
192.168.1.37:51500-10.0.0.124:80-TCP,1,0.0,1106,1106.0,0,1106,1106,1000.0,1106000.0,0,0,192.168.1.37,10.0.0.124,51500,80,TCP,False
192.168.1.31:46451-10.0.0.148:993-UDP,1,0.0,862,862.0,0,862,862,1000.0,862000.0,0,0,192.168.1.31,10.0.0.148,46451,993,UDP,False
192.168.1.39:49198-10.0.0.112:995-UDP,1,0.0,1033,1033.0,0,1033,1033,1000.0,1033000.0,0,0,192.168.1.39,10.0.0.112,49198,995,UDP,False
192.168.1.21:23811-10.0.0.131:22-TCP,1,0.0,272,272.0,0,272,272,1000.0,272000.0,0,0,192.168.1.21,10.0.0.131,23811,22,TCP,False
192.168.1.32:53554-10.0.0.111:995-UDP,1,0.0,465,465.0,0,465,465,1000.0,465000.0,0,0,192.168.1.32,10.0.0.111,53554,995,UDP,False
192.168.1.35:10655-10.0.0.148:80-TCP,1,0.0,855,855.0,0,855,855,1000.0,855000.0,0,0,192.168.1.35,10.0.0.148,10655,80,TCP,False
192.168.1.21:56349-10.0.0.120:993-TCP,1,0.0,1041,1041.0,0,1041,1041,1000.0,1041000.0,0,0,192.168.1.21,10.0.0.120,56349,993,TCP,False
192.168.1.12:60017-10.0.0.121:53-TCP,1,0.0,1330,1330.0,0,1330,1330,1000.0,1330000.0,0,0,192.168.1.12,10.0.0.121,60017,53,TCP,False
192.168.1.23:53011-10.0.0.103:443-UDP,1,0.0,414,414.0,0,414,414,1000.0,414000.0,0,0,192.168.1.23,10.0.0.103,53011,443,UDP,False
192.168.1.36:11604-10.0.0.137:993-TCP,1,0.0,1156,1156.0,0,1156,1156,1000.0,1156000.0,0,0,192.168.1.36,10.0.0.137,11604,993,TCP,False
192.168.1.21:59893-10.0.0.147:53-TCP,1,0.0,1140,1140.0,0,1140,1140,1000.0,1140000.0,0,0,192.168.1.21,10.0.0.147,59893,53,TCP,False
192.168.1.18:26387-10.0.0.142:995-UDP,1,0.0,1182,1182.0,0,1182,1182,1000.0,1182000.0,0,0,192.168.1.18,10.0.0.142,26387,995,UDP,False
192.168.1.34:54706-10.0.0.148:995-TCP,1,0.0,471,471.0,0,471,471,1000.0,471000.0,0,0,192.168.1.34,10.0.0.148,54706,995,TCP,False
192.168.1.29:61698-10.0.0.108:110-TCP,1,0.0,874,874.0,0,874,874,1000.0,874000.0,0,0,192.168.1.29,10.0.0.108,61698,110,TCP,False
192.168.1.40:55580-10.0.0.127:25-TCP,1,0.0,859,859.0,0,859,859,1000.0,859000.0,0,0,192.168.1.40,10.0.0.127,55580,25,TCP,False
192.168.1.13:51892-10.0.0.132:25-UDP,1,0.0,831,831.0,0,831,831,1000.0,831000.0,0,0,192.168.1.13,10.0.0.132,51892,25,UDP,False
192.168.1.47:24237-10.0.0.131:80-TCP,1,0.0,225,225.0,0,225,225,1000.0,225000.0,0,0,192.168.1.47,10.0.0.131,24237,80,TCP,False
192.168.1.38:6651-10.0.0.138:80-UDP,1,0.0,774,774.0,0,774,774,1000.0,774000.0,0,0,192.168.1.38,10.0.0.138,6651,80,UDP,False
192.168.1.13:7541-10.0.0.144:25-TCP,1,0.0,685,685.0,0,685,685,1000.0,685000.0,0,0,192.168.1.13,10.0.0.144,7541,25,TCP,False
192.168.1.30:63449-10.0.0.116:25-TCP,1,0.0,1402,1402.0,0,1402,1402,1000.0,1402000.0,0,0,192.168.1.30,10.0.0.116,63449,25,TCP,False
192.168.1.16:16420-10.0.0.102:993-UDP,1,0.0,1323,1323.0,0,1323,1323,1000.0,1323000.0,0,0,192.168.1.16,10.0.0.102,16420,993,UDP,False
192.168.1.49:59487-10.0.0.137:22-UDP,1,0.0,664,664.0,0,664,664,1000.0,664000.0,0,0,192.168.1.49,10.0.0.137,59487,22,UDP,False
192.168.1.28:10994-10.0.0.109:110-UDP,1,0.0,273,273.0,0,273,273,1000.0,273000.0,0,0,192.168.1.28,10.0.0.109,10994,110,UDP,False
192.168.1.39:51473-10.0.0.133:25-UDP,1,0.0,863,863.0,0,863,863,1000.0,863000.0,0,0,192.168.1.39,10.0.0.133,51473,25,UDP,False
192.168.1.39:15304-10.0.0.120:993-TCP,1,0.0,942,942.0,0,942,942,1000.0,942000.0,0,0,192.168.1.39,10.0.0.120,15304,993,TCP,False
192.168.1.45:39215-10.0.0.109:80-UDP,1,0.0,895,895.0,0,895,895,1000.0,895000.0,0,0,192.168.1.45,10.0.0.109,39215,80,UDP,False
192.168.1.37:56594-10.0.0.125:80-UDP,1,0.0,567,567.0,0,567,567,1000.0,567000.0,0,0,192.168.1.37,10.0.0.125,56594,80,UDP,False
192.168.1.45:8982-10.0.0.110:53-TCP,1,0.0,754,754.0,0,754,754,1000.0,754000.0,0,0,192.168.1.45,10.0.0.110,8982,53,TCP,False
192.168.1.42:23077-10.0.0.112:80-TCP,1,0.0,411,411.0,0,411,411,1000.0,411000.0,0,0,192.168.1.42,10.0.0.112,23077,80,TCP,False
192.168.1.12:57373-10.0.0.113:443-TCP,1,0.0,521,521.0,0,521,521,1000.0,521000.0,0,0,192.168.1.12,10.0.0.113,57373,443,TCP,False
192.168.1.29:9826-10.0.0.140:25-UDP,1,0.0,252,252.0,0,252,252,1000.0,252000.0,0,0,192.168.1.29,10.0.0.140,9826,25,UDP,False
192.168.1.21:20131-10.0.0.127:53-TCP,1,0.0,320,320.0,0,320,320,1000.0,320000.0,0,0,192.168.1.21,10.0.0.127,20131,53,TCP,False
192.168.1.16:22565-10.0.0.119:443-UDP,1,0.0,557,557.0,0,557,557,1000.0,557000.0,0,0,192.168.1.16,10.0.0.119,22565,443,UDP,False
192.168.1.34:8801-10.0.0.121:443-TCP,1,0.0,384,384.0,0,384,384,1000.0,384000.0,0,0,192.168.1.34,10.0.0.121,8801,443,TCP,False
192.168.1.13:14674-10.0.0.126:22-UDP,1,0.0,1084,1084.0,0,1084,1084,1000.0,1084000.0,0,0,192.168.1.13,10.0.0.126,14674,22,UDP,False
192.168.1.40:32703-10.0.0.115:22-TCP,1,0.0,1273,1273.0,0,1273,1273,1000.0,1273000.0,0,0,192.168.1.40,10.0.0.115,32703,22,TCP,False
192.168.1.12:40509-10.0.0.132:993-TCP,1,0.0,943,943.0,0,943,943,1000.0,943000.0,0,0,192.168.1.12,10.0.0.132,40509,993,TCP,False
192.168.1.10:64339-10.0.0.146:995-UDP,1,0.0,361,361.0,0,361,361,1000.0,361000.0,0,0,192.168.1.10,10.0.0.146,64339,995,UDP,False
192.168.1.25:22253-10.0.0.124:22-UDP,1,0.0,487,487.0,0,487,487,1000.0,487000.0,0,0,192.168.1.25,10.0.0.124,22253,22,UDP,False
192.168.1.36:50441-10.0.0.129:993-UDP,1,0.0,1482,1482.0,0,1482,1482,1000.0,1482000.0,0,0,192.168.1.36,10.0.0.129,50441,993,UDP,False
192.168.1.21:63429-10.0.0.100:110-UDP,1,0.0,957,957.0,0,957,957,1000.0,957000.0,0,0,192.168.1.21,10.0.0.100,63429,110,UDP,False
192.168.1.22:46724-10.0.0.128:110-UDP,1,0.0,133,133.0,0,133,133,1000.0,133000.0,0,0,192.168.1.22,10.0.0.128,46724,110,UDP,False
192.168.1.24:36463-10.0.0.106:80-TCP,1,0.0,1250,1250.0,0,1250,1250,1000.0,1250000.0,0,0,192.168.1.24,10.0.0.106,36463,80,TCP,False
192.168.1.23:20071-10.0.0.101:22-TCP,1,0.0,1357,1357.0,0,1357,1357,1000.0,1357000.0,0,0,192.168.1.23,10.0.0.101,20071,22,TCP,False
192.168.1.29:15387-10.0.0.138:443-UDP,1,0.0,720,720.0,0,720,720,1000.0,720000.0,0,0,192.168.1.29,10.0.0.138,15387,443,UDP,False
192.168.1.11:45003-10.0.0.117:80-TCP,1,0.0,1008,1008.0,0,1008,1008,1000.0,1008000.0,0,0,192.168.1.11,10.0.0.117,45003,80,TCP,False
192.168.1.30:33769-10.0.0.132:53-TCP,1,0.0,193,193.0,0,193,193,1000.0,193000.0,0,0,192.168.1.30,10.0.0.132,33769,53,TCP,False
192.168.1.31:34210-10.0.0.103:995-TCP,1,0.0,121,121.0,0,121,121,1000.0,121000.0,0,0,192.168.1.31,10.0.0.103,34210,995,TCP,False
192.168.1.47:2175-10.0.0.147:143-TCP,1,0.0,1313,1313.0,0,1313,1313,1000.0,1313000.0,0,0,192.168.1.47,10.0.0.147,2175,143,TCP,False
192.168.1.49:25862-10.0.0.141:22-TCP,1,0.0,1273,1273.0,0,1273,1273,1000.0,1273000.0,0,0,192.168.1.49,10.0.0.141,25862,22,TCP,False
192.168.1.22:36685-10.0.0.128:995-UDP,1,0.0,1498,1498.0,0,1498,1498,1000.0,1498000.0,0,0,192.168.1.22,10.0.0.128,36685,995,UDP,False
192.168.1.34:59918-10.0.0.141:110-UDP,1,0.0,1360,1360.0,0,1360,1360,1000.0,1360000.0,0,0,192.168.1.34,10.0.0.141,59918,110,UDP,False
192.168.1.37:64986-10.0.0.142:995-UDP,1,0.0,1027,1027.0,0,1027,1027,1000.0,1027000.0,0,0,192.168.1.37,10.0.0.142,64986,995,UDP,False
192.168.1.15:44264-10.0.0.130:80-TCP,1,0.0,866,866.0,0,866,866,1000.0,866000.0,0,0,192.168.1.15,10.0.0.130,44264,80,TCP,False
192.168.1.16:7537-10.0.0.140:993-TCP,1,0.0,419,419.0,0,419,419,1000.0,419000.0,0,0,192.168.1.16,10.0.0.140,7537,993,TCP,False
192.168.1.20:31800-10.0.0.147:110-UDP,1,0.0,773,773.0,0,773,773,1000.0,773000.0,0,0,192.168.1.20,10.0.0.147,31800,110,UDP,False
192.168.1.20:58234-10.0.0.120:110-UDP,1,0.0,553,553.0,0,553,553,1000.0,553000.0,0,0,192.168.1.20,10.0.0.120,58234,110,UDP,False
192.168.1.47:24918-10.0.0.114:25-TCP,1,0.0,1091,1091.0,0,1091,1091,1000.0,1091000.0,0,0,192.168.1.47,10.0.0.114,24918,25,TCP,False
192.168.1.45:5652-10.0.0.101:22-UDP,1,0.0,853,853.0,0,853,853,1000.0,853000.0,0,0,192.168.1.45,10.0.0.101,5652,22,UDP,False
192.168.1.17:32099-10.0.0.149:110-TCP,1,0.0,388,388.0,0,388,388,1000.0,388000.0,0,0,192.168.1.17,10.0.0.149,32099,110,TCP,False
192.168.1.31:22532-10.0.0.132:143-TCP,1,0.0,308,308.0,0,308,308,1000.0,308000.0,0,0,192.168.1.31,10.0.0.132,22532,143,TCP,False
192.168.1.47:5914-10.0.0.119:443-UDP,1,0.0,1303,1303.0,0,1303,1303,1000.0,1303000.0,0,0,192.168.1.47,10.0.0.119,5914,443,UDP,False
192.168.1.41:55194-10.0.0.120:53-UDP,1,0.0,307,307.0,0,307,307,1000.0,307000.0,0,0,192.168.1.41,10.0.0.120,55194,53,UDP,False
192.168.1.29:22436-10.0.0.113:25-UDP,1,0.0,1041,1041.0,0,1041,1041,1000.0,1041000.0,0,0,192.168.1.29,10.0.0.113,22436,25,UDP,False
192.168.1.20:49368-10.0.0.136:443-TCP,1,0.0,584,584.0,0,584,584,1000.0,584000.0,0,0,192.168.1.20,10.0.0.136,49368,443,TCP,False
192.168.1.22:6876-10.0.0.115:53-TCP,1,0.0,309,309.0,0,309,309,1000.0,309000.0,0,0,192.168.1.22,10.0.0.115,6876,53,TCP,False
192.168.1.16:2026-10.0.0.117:443-UDP,1,0.0,1095,1095.0,0,1095,1095,1000.0,1095000.0,0,0,192.168.1.16,10.0.0.117,2026,443,UDP,False
192.168.1.47:63974-10.0.0.109:993-TCP,1,0.0,1206,1206.0,0,1206,1206,1000.0,1206000.0,0,0,192.168.1.47,10.0.0.109,63974,993,TCP,False
192.168.1.40:30552-10.0.0.149:143-TCP,1,0.0,675,675.0,0,675,675,1000.0,675000.0,0,0,192.168.1.40,10.0.0.149,30552,143,TCP,False
192.168.1.39:32871-10.0.0.125:993-UDP,1,0.0,811,811.0,0,811,811,1000.0,811000.0,0,0,192.168.1.39,10.0.0.125,32871,993,UDP,False
192.168.1.27:35647-10.0.0.123:443-TCP,1,0.0,1038,1038.0,0,1038,1038,1000.0,1038000.0,0,0,192.168.1.27,10.0.0.123,35647,443,TCP,False
192.168.1.37:20927-10.0.0.144:22-TCP,1,0.0,1457,1457.0,0,1457,1457,1000.0,1457000.0,0,0,192.168.1.37,10.0.0.144,20927,22,TCP,False
192.168.1.12:46903-10.0.0.130:110-UDP,1,0.0,447,447.0,0,447,447,1000.0,447000.0,0,0,192.168.1.12,10.0.0.130,46903,110,UDP,False
192.168.1.38:50750-10.0.0.149:80-TCP,1,0.0,1142,1142.0,0,1142,1142,1000.0,1142000.0,0,0,192.168.1.38,10.0.0.149,50750,80,TCP,False
192.168.1.19:55796-10.0.0.118:995-UDP,1,0.0,1188,1188.0,0,1188,1188,1000.0,1188000.0,0,0,192.168.1.19,10.0.0.118,55796,995,UDP,False
192.168.1.25:60069-10.0.0.133:443-TCP,1,0.0,122,122.0,0,122,122,1000.0,122000.0,0,0,192.168.1.25,10.0.0.133,60069,443,TCP,False
192.168.1.32:35136-10.0.0.142:53-TCP,1,0.0,1399,1399.0,0,1399,1399,1000.0,1399000.0,0,0,192.168.1.32,10.0.0.142,35136,53,TCP,False
192.168.1.12:25406-10.0.0.138:995-TCP,1,0.0,511,511.0,0,511,511,1000.0,511000.0,0,0,192.168.1.12,10.0.0.138,25406,995,TCP,False
192.168.1.15:65197-10.0.0.110:110-UDP,1,0.0,1071,1071.0,0,1071,1071,1000.0,1071000.0,0,0,192.168.1.15,10.0.0.110,65197,110,UDP,False
192.168.1.43:3592-10.0.0.130:22-UDP,1,0.0,151,151.0,0,151,151,1000.0,151000.0,0,0,192.168.1.43,10.0.0.130,3592,22,UDP,False
192.168.1.27:40247-10.0.0.128:80-UDP,1,0.0,202,202.0,0,202,202,1000.0,202000.0,0,0,192.168.1.27,10.0.0.128,40247,80,UDP,False
192.168.1.38:46724-10.0.0.149:22-TCP,1,0.0,1268,1268.0,0,1268,1268,1000.0,1268000.0,0,0,192.168.1.38,10.0.0.149,46724,22,TCP,False
192.168.1.47:53322-10.0.0.136:993-UDP,1,0.0,195,195.0,0,195,195,1000.0,195000.0,0,0,192.168.1.47,10.0.0.136,53322,993,UDP,False
192.168.1.10:31067-10.0.0.147:25-TCP,1,0.0,297,297.0,0,297,297,1000.0,297000.0,0,0,192.168.1.10,10.0.0.147,31067,25,TCP,False
